movieId,title,genres
1,Toy Story (1995),Adventure|Animation|Children|Comedy|Fantasy
2,Jumanji (1995),Adventure|Children|Fantasy
3,Grumpier Old Men (1995),Comedy|Romance
4,Waiting to Exhale (1995),Comedy|Drama|Romance
5,Father of the Bride Part II (1995),Comedy
6,Heat (1995),Action|Crime|Thriller
7,Sabrina (1995),Comedy|Romance
8,Tom and Huck (1995),Adventure|Children
9,Sudden Death (1995),Action
10,GoldenEye (1995),Action|Adventure|Thriller
11,"American President, The (1995)",Comedy|Drama|Romance
12,Dracula: Dead and Loving It (1995),Comedy|Horror
13,Balto (1995),Adventure|Animation|Children
14,Nixon (1995),Drama
15,Cutthroat Island (1995),Action|Adventure|Romance
16,Casino (1995),Crime|Drama
17,Sense and Sensibility (1995),Drama|Romance
18,Four Rooms (1995),Comedy
19,Ace Ventura: When Nature Calls (1995),Comedy
20,Money Train (1995),Action|Comedy|Crime|Drama|Thriller
21,Get Shorty (1995),Comedy|Crime|Thriller
22,Copycat (1995),Crime|Drama|Horror|Mystery|Thriller
23,Assassins (1995),Action|Crime|Thriller
24,Powder (1995),Drama|Sci-Fi
25,Leaving Las Vegas (1995),Drama|Romance
26,Othello (1995),Drama
27,Now and Then (1995),Children|Drama
28,Persuasion (1995),Drama|Romance
29,"City of Lost Children, The (Cité des enfants perdus, La) (1995)",Adventure|Drama|Fantasy|Mystery|Sci-Fi
30,Shanghai Triad (Yao a yao yao dao waipo qiao) (1995),Crime|Drama
31,Dangerous Minds (1995),Drama
32,Twelve Monkeys (a.k.a. 12 Monkeys) (1995),Mystery|Sci-Fi|Thriller
33,Wings of Courage (1995),Adventure|Romance|IMAX
34,Babe (1995),Children|Drama
35,Carrington (1995),Drama|Romance
36,Dead Man Walking (1995),Crime|Drama
37,Across the Sea of Time (1995),Documentary|IMAX
38,It Takes Two (1995),Children|Comedy
39,Clueless (1995),Comedy|Romance
40,"Cry, the Beloved Country (1995)",Drama
41,Richard III (1995),Drama|War
42,Dead Presidents (1995),Action|Crime|Drama
43,Restoration (1995),Drama
44,Mortal Kombat (1995),Action|Adventure|Fantasy
45,To Die For (1995),Comedy|Drama|Thriller
46,How to Make an American Quilt (1995),Drama|Romance
47,Seven (a.k.a. Se7en) (1995),Mystery|Thriller
48,Pocahontas (1995),Animation|Children|Drama|Musical|Romance
49,When Night Is Falling (1995),Drama|Romance
50,"Usual Suspects, The (1995)",Crime|Mystery|Thriller
51,Guardian Angel (1994),Action|Drama|Thriller
52,Mighty Aphrodite (1995),Comedy|Drama|Romance
53,Lamerica (1994),Adventure|Drama
54,"Big Green, The (1995)",Children|Comedy
55,Georgia (1995),Drama
56,Kids of the Round Table (1995),Adventure|Children|Fantasy
57,Home for the Holidays (1995),Drama
58,"Postman, The (Postino, Il) (1994)",Comedy|Drama|Romance
59,"Confessional, The (Confessionnal, Le) (1995)",Drama|Mystery
60,"Indian in the Cupboard, The (1995)",Adventure|Children|Fantasy
61,Eye for an Eye (1996),Drama|Thriller
62,Mr. Holland's Opus (1995),Drama
63,Don't Be a Menace to South Central While Drinking Your Juice in the Hood (1996),Comedy|Crime
64,Two if by Sea (1996),Comedy|Romance
65,Bio-Dome (1996),Comedy
66,Lawnmower Man 2: Beyond Cyberspace (1996),Action|Sci-Fi|Thriller
67,Two Bits (1995),Drama
68,French Twist (Gazon maudit) (1995),Comedy|Romance
69,Friday (1995),Comedy
70,From Dusk Till Dawn (1996),Action|Comedy|Horror|Thriller
71,Fair Game (1995),Action
72,Kicking and Screaming (1995),Comedy|Drama
73,"Misérables, Les (1995)",Drama|War
74,Bed of Roses (1996),Drama|Romance
75,Big Bully (1996),Comedy|Drama
76,Screamers (1995),Action|Sci-Fi|Thriller
77,Nico Icon (1995),Documentary
78,"Crossing Guard, The (1995)",Action|Crime|Drama|Thriller
79,"Juror, The (1996)",Drama|Thriller
80,"White Balloon, The (Badkonake sefid) (1995)",Children|Drama
81,Things to Do in Denver When You're Dead (1995),Crime|Drama|Romance
82,Antonia's Line (Antonia) (1995),Comedy|Drama
83,Once Upon a Time... When We Were Colored (1995),Drama|Romance
84,Last Summer in the Hamptons (1995),Comedy|Drama
85,Angels and Insects (1995),Drama|Romance
86,White Squall (1996),Action|Adventure|Drama
87,Dunston Checks In (1996),Children|Comedy
88,Black Sheep (1996),Comedy
89,Nick of Time (1995),Action|Thriller
90,"Journey of August King, The (1995)",Drama
92,Mary Reilly (1996),Drama|Horror|Thriller
93,Vampire in Brooklyn (1995),Comedy|Horror|Romance
94,Beautiful Girls (1996),Comedy|Drama|Romance
95,Broken Arrow (1996),Action|Adventure|Thriller
96,In the Bleak Midwinter (1995),Comedy|Drama
97,"Hate (Haine, La) (1995)",Crime|Drama
98,Shopping (1994),Action|Thriller
99,Heidi Fleiss: Hollywood Madam (1995),Documentary
100,City Hall (1996),Drama|Thriller
101,Bottle Rocket (1996),Adventure|Comedy|Crime|Romance
102,Mr. Wrong (1996),Comedy
103,Unforgettable (1996),Mystery|Sci-Fi|Thriller
104,Happy Gilmore (1996),Comedy
105,"Bridges of Madison County, The (1995)",Drama|Romance
106,Nobody Loves Me (Keiner liebt mich) (1994),Comedy|Drama
107,Muppet Treasure Island (1996),Adventure|Children|Comedy|Musical
108,Catwalk (1996),Documentary
109,Headless Body in Topless Bar (1995),Comedy|Drama|Thriller
110,Braveheart (1995),Action|Drama|War
111,Taxi Driver (1976),Crime|Drama|Thriller
112,Rumble in the Bronx (Hont faan kui) (1995),Action|Adventure|Comedy|Crime
113,Before and After (1996),Drama|Mystery
114,Margaret's Museum (1995),Drama
115,"Happiness Is in the Field (Bonheur est dans le pré, Le) (1995)",Comedy
116,Anne Frank Remembered (1995),Documentary
117,"Young Poisoner's Handbook, The (1995)",Crime|Drama
118,If Lucy Fell (1996),Comedy|Romance
119,"Steal Big, Steal Little (1995)",Comedy
120,Race the Sun (1996),Adventure|Comedy|Drama
121,"Boys of St. Vincent, The (1992)",Drama
122,Boomerang (1992),Comedy|Romance
123,Chungking Express (Chung Hing sam lam) (1994),Drama|Mystery|Romance
124,"Star Maker, The (Uomo delle stelle, L') (1995)",Drama
125,Flirting With Disaster (1996),Comedy
126,"NeverEnding Story III, The (1994)",Adventure|Children|Fantasy
127,"Silences of the Palace, The (Saimt el Qusur) (1994)",Drama
128,Jupiter's Wife (1994),Documentary
129,Pie in the Sky (1996),Comedy|Romance
130,Angela (1995),Drama
131,Frankie Starlight (1995),Drama|Romance
132,Jade (1995),Thriller
133,Nueba Yol (1995),Comedy|Drama
134,Sonic Outlaws (1995),Documentary
135,Down Periscope (1996),Comedy
136,From the Journals of Jean Seberg (1995),Documentary
137,Man of the Year (1995),Documentary
138,"Neon Bible, The (1995)",Drama
139,Target (1995),Action|Drama
140,Up Close and Personal (1996),Drama|Romance
141,"Birdcage, The (1996)",Comedy
142,Shadows (Cienie) (1988),Drama
143,Gospa (1995),Drama
144,"Brothers McMullen, The (1995)",Comedy
145,Bad Boys (1995),Action|Comedy|Crime|Drama|Thriller
146,"Amazing Panda Adventure, The (1995)",Adventure|Children
147,"Basketball Diaries, The (1995)",Drama
148,"Awfully Big Adventure, An (1995)",Drama
149,Amateur (1994),Crime|Drama|Thriller
150,Apollo 13 (1995),Adventure|Drama|IMAX
151,Rob Roy (1995),Action|Drama|Romance|War
152,"Addiction, The (1995)",Drama|Horror
153,Batman Forever (1995),Action|Adventure|Comedy|Crime
154,Beauty of the Day (Belle de jour) (1967),Drama
155,Beyond Rangoon (1995),Adventure|Drama|War
156,Blue in the Face (1995),Comedy|Drama
157,Canadian Bacon (1995),Comedy|War
158,Casper (1995),Adventure|Children
159,Clockers (1995),Crime|Drama|Mystery
160,Congo (1995),Action|Adventure|Mystery|Sci-Fi
161,Crimson Tide (1995),Drama|Thriller|War
162,Crumb (1994),Documentary
163,Desperado (1995),Action|Romance|Western
164,Devil in a Blue Dress (1995),Crime|Film-Noir|Mystery|Thriller
165,Die Hard: With a Vengeance (1995),Action|Crime|Thriller
166,"Doom Generation, The (1995)",Comedy|Crime|Drama
167,Feast of July (1995),Drama
168,First Knight (1995),Action|Drama|Romance
169,Free Willy 2: The Adventure Home (1995),Adventure|Children|Drama
170,Hackers (1995),Action|Adventure|Crime|Thriller
171,Jeffrey (1995),Comedy|Drama
172,Johnny Mnemonic (1995),Action|Sci-Fi|Thriller
173,Judge Dredd (1995),Action|Crime|Sci-Fi
174,Jury Duty (1995),Comedy
175,Kids (1995),Drama
176,Living in Oblivion (1995),Comedy
177,Lord of Illusions (1995),Horror
178,Love & Human Remains (1993),Comedy|Drama
179,Mad Love (1995),Drama|Romance
180,Mallrats (1995),Comedy|Romance
181,Mighty Morphin Power Rangers: The Movie (1995),Action|Children
182,Moonlight and Valentino (1995),Drama|Romance
183,Mute Witness (1994),Comedy|Horror|Thriller
184,Nadja (1994),Drama
185,"Net, The (1995)",Action|Crime|Thriller
186,Nine Months (1995),Comedy|Romance
187,Party Girl (1995),Comedy
188,"Prophecy, The (1995)",Fantasy|Horror|Mystery
189,Reckless (1995),Comedy|Fantasy
190,Safe (1995),Thriller
191,"Scarlet Letter, The (1995)",Drama|Romance
192,"Show, The (1995)",Documentary
193,Showgirls (1995),Drama
194,Smoke (1995),Comedy|Drama
195,Something to Talk About (1995),Comedy|Drama|Romance
196,Species (1995),Horror|Sci-Fi
197,"Stars Fell on Henrietta, The (1995)",Drama
198,Strange Days (1995),Action|Crime|Drama|Mystery|Sci-Fi|Thriller
199,"Umbrellas of Cherbourg, The (Parapluies de Cherbourg, Les) (1964)",Drama|Musical|Romance
200,"Tie That Binds, The (1995)",Thriller
201,Three Wishes (1995),Drama|Fantasy
202,Total Eclipse (1995),Drama|Romance
203,"To Wong Foo, Thanks for Everything! Julie Newmar (1995)",Comedy
204,Under Siege 2: Dark Territory (1995),Action
205,Unstrung Heroes (1995),Comedy|Drama
206,Unzipped (1995),Documentary
207,"Walk in the Clouds, A (1995)",Drama|Romance
208,Waterworld (1995),Action|Adventure|Sci-Fi
209,White Man's Burden (1995),Drama
210,Wild Bill (1995),Western
211,"Browning Version, The (1994)",Drama
212,Bushwhacked (1995),Adventure|Comedy|Crime|Mystery
213,Burnt by the Sun (Utomlyonnye solntsem) (1994),Drama
214,Before the Rain (Pred dozhdot) (1994),Drama|War
215,Before Sunrise (1995),Drama|Romance
216,Billy Madison (1995),Comedy
217,"Babysitter, The (1995)",Drama|Thriller
218,Boys on the Side (1995),Comedy|Drama
219,"Cure, The (1995)",Drama
220,Castle Freak (1995),Horror
222,Circle of Friends (1995),Drama|Romance
223,Clerks (1994),Comedy
224,Don Juan DeMarco (1995),Comedy|Drama|Romance
225,Disclosure (1994),Drama|Thriller
226,Dream Man (1995),Thriller
227,Drop Zone (1994),Action|Thriller
228,Destiny Turns on the Radio (1995),Comedy
229,Death and the Maiden (1994),Drama|Thriller
230,Dolores Claiborne (1995),Drama|Thriller
231,Dumb & Dumber (Dumb and Dumber) (1994),Adventure|Comedy
232,Eat Drink Man Woman (Yin shi nan nu) (1994),Comedy|Drama|Romance
233,Exotica (1994),Drama
234,Exit to Eden (1994),Comedy
235,Ed Wood (1994),Comedy|Drama
236,French Kiss (1995),Action|Comedy|Romance
237,Forget Paris (1995),Comedy|Romance
238,Far From Home: The Adventures of Yellow Dog (1995),Adventure|Children
239,"Goofy Movie, A (1995)",Animation|Children|Comedy|Romance
240,Hideaway (1995),Thriller
241,Fluke (1995),Children|Drama
242,Farinelli: il castrato (1994),Drama|Musical
243,Gordy (1995),Children|Comedy|Fantasy
244,Gumby: The Movie (1995),Animation|Children
245,"Glass Shield, The (1994)",Crime|Drama
246,Hoop Dreams (1994),Documentary
247,Heavenly Creatures (1994),Crime|Drama
248,Houseguest (1994),Comedy
249,Immortal Beloved (1994),Drama|Romance
250,Heavyweights (Heavy Weights) (1995),Children|Comedy
251,"Hunted, The (1995)",Action
252,I.Q. (1994),Comedy|Romance
253,Interview with the Vampire: The Vampire Chronicles (1994),Drama|Horror
254,Jefferson in Paris (1995),Drama
255,"Jerky Boys, The (1995)",Comedy
256,Junior (1994),Comedy|Sci-Fi
257,Just Cause (1995),Mystery|Thriller
258,"Kid in King Arthur's Court, A (1995)",Adventure|Children|Comedy|Fantasy|Romance
259,Kiss of Death (1995),Crime|Drama|Thriller
260,Star Wars: Episode IV - A New Hope (1977),Action|Adventure|Sci-Fi
261,Little Women (1994),Drama
262,"Little Princess, A (1995)",Children|Drama
263,Ladybird Ladybird (1994),Drama
264,"Enfer, L' (1994)",Drama
265,Like Water for Chocolate (Como agua para chocolate) (1992),Drama|Fantasy|Romance
266,Legends of the Fall (1994),Drama|Romance|War|Western
267,Major Payne (1995),Comedy
268,Little Odessa (1994),Crime|Drama
269,My Crazy Life (Mi vida loca) (1993),Drama
270,Love Affair (1994),Drama|Romance
271,Losing Isaiah (1995),Drama
272,"Madness of King George, The (1994)",Comedy|Drama
273,Mary Shelley's Frankenstein (Frankenstein) (1994),Drama|Horror|Sci-Fi
274,Man of the House (1995),Comedy
275,Mixed Nuts (1994),Comedy
276,Milk Money (1994),Comedy|Romance
277,Miracle on 34th Street (1994),Drama
278,Miami Rhapsody (1995),Comedy
279,My Family (1995),Drama
280,Murder in the First (1995),Drama|Thriller
281,Nobody's Fool (1994),Comedy|Drama|Romance
282,Nell (1994),Drama
283,New Jersey Drive (1995),Crime|Drama
284,New York Cop (Nyû Yôku no koppu) (1993),Action|Crime
285,Beyond Bedlam (1993),Drama|Horror
286,Nemesis 2: Nebula (1995),Action|Sci-Fi|Thriller
287,Nina Takes a Lover (1994),Comedy|Romance
288,Natural Born Killers (1994),Action|Crime|Thriller
289,Only You (1994),Comedy|Romance
290,Once Were Warriors (1994),Crime|Drama
291,Poison Ivy II (1996),Drama|Thriller
292,Outbreak (1995),Action|Drama|Sci-Fi|Thriller
293,Léon: The Professional (a.k.a. The Professional) (Léon) (1994),Action|Crime|Drama|Thriller
294,"Perez Family, The (1995)",Comedy|Romance
295,"Pyromaniac's Love Story, A (1995)",Comedy|Romance
296,Pulp Fiction (1994),Comedy|Crime|Drama|Thriller
297,Panther (1995),Drama
298,Pushing Hands (Tui shou) (1992),Drama
299,Priest (1994),Drama
300,Quiz Show (1994),Drama
301,Picture Bride (Bijo photo) (1994),Drama|Romance
302,"Queen Margot (Reine Margot, La) (1994)",Drama|Romance
303,"Quick and the Dead, The (1995)",Action|Thriller|Western
304,Roommates (1995),Comedy|Drama
305,Ready to Wear (Pret-A-Porter) (1994),Comedy
306,Three Colors: Red (Trois couleurs: Rouge) (1994),Drama
307,Three Colors: Blue (Trois couleurs: Bleu) (1993),Drama
308,Three Colors: White (Trzy kolory: Bialy) (1994),Comedy|Drama
309,"Red Firecracker, Green Firecracker (Pao Da Shuang Deng) (1994)",Drama
310,Rent-a-Kid (1995),Comedy
311,Relative Fear (1994),Horror|Thriller
312,Stuart Saves His Family (1995),Comedy
313,"Swan Princess, The (1994)",Animation|Children
314,"Secret of Roan Inish, The (1994)",Children|Drama|Fantasy|Mystery
315,"Specialist, The (1994)",Action|Drama|Thriller
316,Stargate (1994),Action|Adventure|Sci-Fi
317,"Santa Clause, The (1994)",Comedy|Drama|Fantasy
318,"Shawshank Redemption, The (1994)",Crime|Drama
319,Shallow Grave (1994),Comedy|Drama|Thriller
320,Suture (1993),Film-Noir|Thriller
321,Strawberry and Chocolate (Fresa y chocolate) (1993),Drama
322,Swimming with Sharks (1995),Comedy|Drama
324,"Sum of Us, The (1994)",Comedy|Drama
325,National Lampoon's Senior Trip (1995),Comedy
326,To Live (Huozhe) (1994),Drama
327,Tank Girl (1995),Action|Comedy|Sci-Fi
328,Tales from the Crypt Presents: Demon Knight (1995),Horror|Thriller
329,Star Trek: Generations (1994),Adventure|Drama|Sci-Fi
330,Tales from the Hood (1995),Action|Crime|Horror
331,Tom & Viv (1994),Drama
332,Village of the Damned (1995),Horror|Sci-Fi
333,Tommy Boy (1995),Comedy
334,Vanya on 42nd Street (1994),Drama
335,Underneath (1995),Mystery|Thriller
336,"Walking Dead, The (1995)",Drama|War
337,What's Eating Gilbert Grape (1993),Drama
338,Virtuosity (1995),Action|Sci-Fi|Thriller
339,While You Were Sleeping (1995),Comedy|Romance
340,"War, The (1994)",Adventure|Drama|War
341,Double Happiness (1994),Drama
342,Muriel's Wedding (1994),Comedy
343,"Baby-Sitters Club, The (1995)",Children
344,Ace Ventura: Pet Detective (1994),Comedy
345,"Adventures of Priscilla, Queen of the Desert, The (1994)",Comedy|Drama
346,Backbeat (1993),Drama|Musical
347,Bitter Moon (1992),Drama|Film-Noir|Romance
348,Bullets Over Broadway (1994),Comedy
349,Clear and Present Danger (1994),Action|Crime|Drama|Thriller
350,"Client, The (1994)",Drama|Mystery|Thriller
351,"Corrina, Corrina (1994)",Comedy|Drama|Romance
352,Crooklyn (1994),Comedy|Drama
353,"Crow, The (1994)",Action|Crime|Fantasy|Thriller
354,Cobb (1994),Drama
355,"Flintstones, The (1994)",Children|Comedy|Fantasy
356,Forrest Gump (1994),Comedy|Drama|Romance|War
357,Four Weddings and a Funeral (1994),Comedy|Romance
358,Higher Learning (1995),Drama
359,I Like It Like That (1994),Comedy|Drama|Romance
360,I Love Trouble (1994),Action|Comedy
361,It Could Happen to You (1994),Comedy|Drama|Romance
362,"Jungle Book, The (1994)",Adventure|Children|Romance
363,"Wonderful, Horrible Life of Leni Riefenstahl, The (Macht der Bilder: Leni Riefenstahl, Die) (1993)",Documentary
364,"Lion King, The (1994)",Adventure|Animation|Children|Drama|Musical|IMAX
365,Little Buddha (1993),Drama
366,"Wes Craven's New Nightmare (Nightmare on Elm Street Part 7: Freddy's Finale, A) (1994)",Drama|Horror|Mystery|Thriller
367,"Mask, The (1994)",Action|Comedy|Crime|Fantasy
368,Maverick (1994),Adventure|Comedy|Western
369,Mrs. Parker and the Vicious Circle (1994),Drama
370,Naked Gun 33 1/3: The Final Insult (1994),Action|Comedy
371,"Paper, The (1994)",Comedy|Drama
372,Reality Bites (1994),Comedy|Drama|Romance
373,Red Rock West (1992),Thriller
374,Richie Rich (1994),Children|Comedy
375,Safe Passage (1994),Drama
376,"River Wild, The (1994)",Action|Thriller
377,Speed (1994),Action|Romance|Thriller
378,Speechless (1994),Comedy|Romance
379,Timecop (1994),Action|Sci-Fi|Thriller
380,True Lies (1994),Action|Adventure|Comedy|Romance|Thriller
381,When a Man Loves a Woman (1994),Drama|Romance
382,Wolf (1994),Drama|Horror|Romance|Thriller
383,Wyatt Earp (1994),Western
384,Bad Company (1995),Action|Crime|Drama
385,"Man of No Importance, A (1994)",Drama
386,S.F.W. (1994),Drama
387,"Low Down Dirty Shame, A (1994)",Action|Comedy
388,Boys Life (1995),Drama
389,"Colonel Chabert, Le (1994)",Drama|Romance|War
390,Faster Pussycat! Kill! Kill! (1965),Action|Crime|Drama
391,Jason's Lyric (1994),Crime|Drama
392,"Secret Adventures of Tom Thumb, The (1993)",Adventure|Animation
393,Street Fighter (1994),Action|Adventure|Fantasy
394,Coldblooded (1995),Comedy
395,Desert Winds (1995),Drama|Fantasy|Romance
396,Fall Time (1995),Drama
397,"Fear, The (1995)",Horror
398,Frank and Ollie (1995),Documentary
399,Girl in the Cadillac (1995),Drama
400,Homage (1995),Drama
401,Mirage (1995),Action|Thriller
402,Open Season (1996),Comedy
403,Two Crimes (Dos crímenes) (1995),Comedy|Crime|Drama
404,Brother Minister: The Assassination of Malcolm X (1994),Documentary
405,Highlander III: The Sorcerer (a.k.a. Highlander: The Final Dimension) (1994),Action|Fantasy
406,Federal Hill (1994),Drama
407,In the Mouth of Madness (1995),Horror|Thriller
408,8 Seconds (1994),Drama
409,Above the Rim (1994),Crime|Drama
410,Addams Family Values (1993),Children|Comedy|Fantasy
411,Martin Lawrence: You So Crazy (1994),Comedy|Documentary
412,"Age of Innocence, The (1993)",Drama
413,Airheads (1994),Comedy
414,"Air Up There, The (1994)",Comedy
415,Another Stakeout (1993),Comedy|Thriller
416,Bad Girls (1994),Western
417,Barcelona (1994),Comedy|Romance
418,Being Human (1993),Drama
419,"Beverly Hillbillies, The (1993)",Comedy
420,Beverly Hills Cop III (1994),Action|Comedy|Crime|Thriller
421,Black Beauty (1994),Adventure|Children|Drama
422,Blink (1994),Thriller
423,Blown Away (1994),Action|Thriller
424,Blue Chips (1994),Drama
425,Blue Sky (1994),Drama|Romance
426,Body Snatchers (1993),Horror|Sci-Fi|Thriller
427,Boxing Helena (1993),Drama|Mystery|Romance|Thriller
428,"Bronx Tale, A (1993)",Drama
429,Cabin Boy (1994),Comedy
430,Calendar Girl (1993),Comedy|Drama
431,Carlito's Way (1993),Crime|Drama
432,City Slickers II: The Legend of Curly's Gold (1994),Adventure|Comedy|Western
433,Clean Slate (1994),Comedy
434,Cliffhanger (1993),Action|Adventure|Thriller
435,Coneheads (1993),Comedy|Sci-Fi
436,Color of Night (1994),Drama|Thriller
437,Cops and Robbersons (1994),Comedy
438,"Cowboy Way, The (1994)",Action|Comedy|Drama
439,Dangerous Game (1993),Drama
440,Dave (1993),Comedy|Romance
441,Dazed and Confused (1993),Comedy
442,Demolition Man (1993),Action|Adventure|Sci-Fi
443,"Endless Summer 2, The (1994)",Adventure|Documentary
444,Even Cowgirls Get the Blues (1993),Comedy|Romance
445,Fatal Instinct (1993),Comedy
446,Farewell My Concubine (Ba wang bie ji) (1993),Drama|Romance
447,"Favor, The (1994)",Comedy|Romance
448,Fearless (1993),Drama
449,Fear of a Black Hat (1994),Comedy
450,With Honors (1994),Comedy|Drama
451,Flesh and Bone (1993),Drama|Mystery|Romance
452,Widows' Peak (1994),Drama
453,For Love or Money (1993),Comedy|Romance
454,"Firm, The (1993)",Drama|Thriller
455,Free Willy (1993),Adventure|Children|Drama
456,Fresh (1994),Crime|Drama|Thriller
457,"Fugitive, The (1993)",Thriller
458,Geronimo: An American Legend (1993),Drama|Western
459,"Getaway, The (1994)",Action|Adventure|Crime|Drama|Romance|Thriller
460,Getting Even with Dad (1994),Comedy
461,Go Fish (1994),Drama|Romance
462,"Good Man in Africa, A (1994)",Action|Adventure
463,Guilty as Sin (1993),Crime|Drama|Thriller
464,Hard Target (1993),Action|Adventure|Crime|Thriller
465,Heaven & Earth (1993),Action|Drama|War
466,Hot Shots! Part Deux (1993),Action|Comedy|War
467,Live Nude Girls (1995),Comedy
468,"Englishman Who Went Up a Hill But Came Down a Mountain, The (1995)",Comedy|Romance
469,"House of the Spirits, The (1993)",Drama|Romance
470,House Party 3 (1994),Comedy
471,"Hudsucker Proxy, The (1994)",Comedy
472,I'll Do Anything (1994),Comedy|Drama
473,In the Army Now (1994),Comedy|War
474,In the Line of Fire (1993),Action|Thriller
475,In the Name of the Father (1993),Drama
476,"Inkwell, The (1994)",Comedy|Drama
477,What's Love Got to Do with It? (1993),Drama|Musical
478,Jimmy Hollywood (1994),Comedy|Crime|Drama
479,Judgment Night (1993),Action|Crime|Thriller
480,Jurassic Park (1993),Action|Adventure|Sci-Fi|Thriller
481,Kalifornia (1993),Drama|Thriller
482,Killing Zoe (1994),Crime|Drama|Thriller
483,King of the Hill (1993),Drama
484,Lassie (1994),Adventure|Children
485,Last Action Hero (1993),Action|Adventure|Comedy|Fantasy
486,Life with Mikey (1993),Comedy
487,Lightning Jack (1994),Comedy|Western
488,M. Butterfly (1993),Drama|Romance
489,Made in America (1993),Comedy
490,Malice (1993),Thriller
491,"Man Without a Face, The (1993)",Drama
492,Manhattan Murder Mystery (1993),Comedy|Mystery
493,Menace II Society (1993),Action|Crime|Drama
494,Executive Decision (1996),Action|Adventure|Thriller
495,In the Realm of the Senses (Ai no corrida) (1976),Drama
496,What Happened Was... (1994),Comedy|Drama|Romance|Thriller
497,Much Ado About Nothing (1993),Comedy|Romance
498,Mr. Jones (1993),Drama|Romance
499,Mr. Wonderful (1993),Comedy|Romance
500,Mrs. Doubtfire (1993),Comedy|Drama
501,Naked (1993),Drama
502,"Next Karate Kid, The (1994)",Action|Children|Romance
503,"New Age, The (1994)",Drama
504,No Escape (1994),Action|Drama|Sci-Fi
505,North (1994),Comedy
506,Orlando (1992),Drama|Fantasy|Romance
507,"Perfect World, A (1993)",Crime|Drama|Thriller
508,Philadelphia (1993),Drama
509,"Piano, The (1993)",Drama|Romance
510,Poetic Justice (1993),Drama
511,"Program, The (1993)",Action|Drama
512,"Puppet Masters, The (1994)",Horror|Sci-Fi
513,Radioland Murders (1994),Comedy|Mystery|Romance
514,"Ref, The (1994)",Comedy
515,"Remains of the Day, The (1993)",Drama|Romance
516,Renaissance Man (1994),Comedy|Drama
517,Rising Sun (1993),Action|Drama|Mystery
518,"Road to Wellville, The (1994)",Comedy
519,RoboCop 3 (1993),Action|Crime|Drama|Sci-Fi|Thriller
520,Robin Hood: Men in Tights (1993),Comedy
521,Romeo Is Bleeding (1993),Crime|Thriller
522,Romper Stomper (1992),Action|Drama
523,Ruby in Paradise (1993),Drama
524,Rudy (1993),Drama
525,"Saint of Fort Washington, The (1993)",Drama
526,"Savage Nights (Nuits fauves, Les) (1992)",Drama
527,Schindler's List (1993),Drama|War
528,"Scout, The (1994)",Comedy|Drama
529,Searching for Bobby Fischer (1993),Drama
530,Second Best (1994),Drama
531,"Secret Garden, The (1993)",Children|Drama
532,Serial Mom (1994),Comedy|Crime|Horror
533,"Shadow, The (1994)",Action|Adventure|Fantasy|Mystery
534,Shadowlands (1993),Drama|Romance
535,Short Cuts (1993),Drama
536,"Simple Twist of Fate, A (1994)",Drama
537,Sirens (1994),Drama
538,Six Degrees of Separation (1993),Drama
539,Sleepless in Seattle (1993),Comedy|Drama|Romance
540,Sliver (1993),Thriller
541,Blade Runner (1982),Action|Sci-Fi|Thriller
542,Son in Law (1993),Comedy|Drama|Romance
543,So I Married an Axe Murderer (1993),Comedy|Romance|Thriller
544,Striking Distance (1993),Action|Crime
545,Harem (1985),Drama
546,Super Mario Bros. (1993),Action|Adventure|Children|Comedy|Fantasy|Sci-Fi
547,Surviving the Game (1994),Action|Adventure|Thriller
548,Terminal Velocity (1994),Action|Mystery|Thriller
549,Thirty-Two Short Films About Glenn Gould (1993),Drama|Musical
550,Threesome (1994),Comedy|Romance
551,"Nightmare Before Christmas, The (1993)",Animation|Children|Fantasy|Musical
552,"Three Musketeers, The (1993)",Action|Adventure|Comedy|Romance
553,Tombstone (1993),Action|Drama|Western
554,Trial by Jury (1994),Crime|Drama|Thriller
555,True Romance (1993),Crime|Thriller
556,"War Room, The (1993)",Documentary
558,"Pagemaster, The (1994)",Action|Adventure|Animation|Children|Fantasy
559,"Paris, France (1993)",Comedy
560,"Beans of Egypt, Maine, The (1994)",Drama
561,Killer (Bulletproof Heart) (1994),Drama|Thriller
562,Welcome to the Dollhouse (1995),Comedy|Drama
563,Germinal (1993),Drama|Romance
564,Chasers (1994),Comedy
565,Cronos (1993),Drama|Horror
566,Naked in New York (1994),Comedy|Romance
567,Kika (1993),Comedy|Drama
568,Bhaji on the Beach (1993),Comedy|Drama
569,Little Big League (1994),Comedy|Drama
570,"Slingshot, The (Kådisbellan) (1993)",Comedy|Drama
571,"Wedding Gift, The (1994)",Drama|Romance
572,Foreign Student (1994),Drama
573,"Ciao, Professore! (Io speriamo che me la cavo) (1992)",Drama
574,Spanking the Monkey (1994),Comedy|Drama
575,"Little Rascals, The (1994)",Children|Comedy
576,Fausto (1993),Comedy
577,Andre (1994),Adventure|Children|Drama
579,"Escort, The (Scorta, La) (1993)",Crime|Thriller
580,Princess Caraboo (1994),Drama
581,"Celluloid Closet, The (1995)",Documentary
582,Métisse (Café au Lait) (1993),Comedy|Drama
583,Dear Diary (Caro Diario) (1994),Comedy|Drama
584,I Don't Want to Talk About It (De eso no se habla) (1993),Drama|Romance
585,"Brady Bunch Movie, The (1995)",Comedy
586,Home Alone (1990),Children|Comedy
587,Ghost (1990),Comedy|Drama|Fantasy|Romance|Thriller
588,Aladdin (1992),Adventure|Animation|Children|Comedy|Musical
589,Terminator 2: Judgment Day (1991),Action|Sci-Fi
590,Dances with Wolves (1990),Adventure|Drama|Western
591,Tough and Deadly (1995),Action|Drama|Thriller
592,Batman (1989),Action|Crime|Thriller
593,"Silence of the Lambs, The (1991)",Crime|Horror|Thriller
594,Snow White and the Seven Dwarfs (1937),Animation|Children|Drama|Fantasy|Musical
595,Beauty and the Beast (1991),Animation|Children|Fantasy|Musical|Romance|IMAX
596,Pinocchio (1940),Animation|Children|Fantasy|Musical
597,Pretty Woman (1990),Comedy|Romance
598,Window to Paris (Okno v Parizh) (1994),Comedy|Fantasy
599,"Wild Bunch, The (1969)",Adventure|Western
600,Love and a .45 (1994),Action|Comedy|Crime
601,"Wooden Man's Bride, The (Yan shen) (1994)",Drama
602,"Great Day in Harlem, A (1994)",Documentary
603,"Bye Bye, Love (1995)",Comedy
604,Criminals (1996),Documentary
605,One Fine Day (1996),Drama|Romance
606,Candyman: Farewell to the Flesh (1995),Fantasy|Horror
607,Century (1993),Drama
608,Fargo (1996),Comedy|Crime|Drama|Thriller
609,Homeward Bound II: Lost in San Francisco (1996),Adventure|Children
610,Heavy Metal (1981),Action|Adventure|Animation|Horror|Sci-Fi
611,Hellraiser: Bloodline (1996),Action|Horror|Sci-Fi
612,"Pallbearer, The (1996)",Comedy
613,Jane Eyre (1996),Drama|Romance
614,Loaded (1994),Drama|Thriller
615,Bread and Chocolate (Pane e cioccolata) (1973),Comedy|Drama
616,"Aristocats, The (1970)",Animation|Children
617,"Flower of My Secret, The (La flor de mi secreto) (1995)",Comedy|Drama
618,Two Much (1995),Comedy|Romance
619,Ed (1996),Comedy
620,Scream of Stone (Cerro Torre: Schrei aus Stein) (1991),Drama
621,My Favorite Season (1993),Drama
623,"Modern Affair, A (1995)",Romance
624,Condition Red (Beyond the Law) (1995),Action|Drama|Thriller
625,Asfour Stah (1990),Drama
626,"Thin Line Between Love and Hate, A (1996)",Comedy
627,"Last Supper, The (1995)",Drama|Thriller
628,Primal Fear (1996),Crime|Drama|Mystery|Thriller
629,Rude (1995),Drama
630,Carried Away (1996),Drama|Romance
631,All Dogs Go to Heaven 2 (1996),Adventure|Animation|Children|Fantasy|Musical|Romance
632,Land and Freedom (Tierra y libertad) (1995),Drama|War
633,Denise Calls Up (1995),Comedy
634,Theodore Rex (1995),Comedy
635,"Family Thing, A (1996)",Comedy|Drama
636,Frisk (1995),Drama
637,Sgt. Bilko (1996),Comedy
638,Jack and Sarah (1995),Romance
639,Girl 6 (1996),Comedy|Drama
640,Diabolique (1996),Drama|Thriller
641,"Little Indian, Big City (Un indien dans la ville) (1994)",Adventure|Children|Comedy
642,Roula (1995),Drama
643,Peanuts - Die Bank zahlt alles (1996),Comedy
644,Happy Weekend (1996),Comedy
645,Nelly & Monsieur Arnaud (1995),Drama
647,Courage Under Fire (1996),Action|Crime|Drama|War
648,Mission: Impossible (1996),Action|Adventure|Mystery|Thriller
649,Cold Fever (Á köldum klaka) (1995),Comedy|Drama
650,Moll Flanders (1996),Drama
651,"Superweib, Das (1996)",Comedy
652,"301, 302 (301/302) (1995)",Horror|Mystery|Thriller
653,Dragonheart (1996),Action|Adventure|Fantasy
654,And Nobody Weeps for Me (Und keiner weint mir nach) (1996),Drama|Romance
655,My Mother's Courage (Mutters Courage) (1995),Comedy
656,Eddie (1996),Comedy
657,Yankee Zulu (1994),Comedy|Drama
658,Billy's Holiday (1995),Drama|Musical
659,Purple Noon (Plein soleil) (1960),Crime|Drama|Thriller
660,August (1996),Drama
661,James and the Giant Peach (1996),Adventure|Animation|Children|Fantasy|Musical
662,Fear (1996),Thriller
663,Kids in the Hall: Brain Candy (1996),Comedy
664,Faithful (1996),Comedy
665,Underground (1995),Comedy|Drama|War
666,All Things Fair (Lust och fägring stor) (1995),Drama|Romance|War
667,Bloodsport 2 (a.k.a. Bloodsport II: The Next Kumite) (1996),Action
668,Song of the Little Road (Pather Panchali) (1955),Drama
670,"World of Apu, The (Apur Sansar) (1959)",Drama
671,Mystery Science Theater 3000: The Movie (1996),Comedy|Sci-Fi
672,Tarantella (1995),Drama
673,Space Jam (1996),Adventure|Animation|Children|Comedy|Fantasy|Sci-Fi
674,Barbarella (1968),Adventure|Comedy|Sci-Fi
675,Hostile Intentions (1994),Action|Drama|Thriller
676,They Bite (1996),Comedy|Horror|Sci-Fi
678,Some Folks Call It a Sling Blade (1993),Drama|Thriller
679,"Run of the Country, The (1995)",Drama
680,"Alphaville (Alphaville, une étrange aventure de Lemmy Caution) (1965)",Drama|Mystery|Romance|Sci-Fi|Thriller
681,Coup de torchon (Clean Slate) (1981),Crime
682,Tigrero: A Film That Was Never Made (1994),Documentary|Drama
683,"Eye of Vichy, The (Oeil de Vichy, L') (1993)",Documentary
684,Windows (1980),Drama
685,It's My Party (1996),Drama
687,Country Life (1994),Drama|Romance
688,Operation Dumbo Drop (1995),Action|Adventure|Comedy|War
690,"Promise, The (Versprechen, Das) (1995)",Drama|Romance
691,Mrs. Winterbourne (1996),Comedy|Romance
692,Solo (1996),Action|Sci-Fi|Thriller
693,Under the Domim Tree (Etz Hadomim Tafus) (1994),Drama
694,"Substitute, The (1996)",Action|Crime|Drama
695,True Crime (1996),Mystery|Thriller
696,Butterfly Kiss (1995),Drama|Thriller
697,Feeling Minnesota (1996),Drama|Romance
698,Delta of Venus (1995),Drama
699,To Cross the Rubicon (1991),Drama
700,Angus (1995),Comedy
701,Daens (1992),Drama
702,Faces (1968),Drama
703,Boys (1996),Drama
704,"Quest, The (1996)",Action|Adventure
705,Cosi (1996),Comedy
706,Sunset Park (1996),Drama
707,Mulholland Falls (1996),Crime|Drama|Thriller
708,"Truth About Cats & Dogs, The (1996)",Comedy|Romance
709,Oliver & Company (1988),Adventure|Animation|Children|Comedy|Musical
710,Celtic Pride (1996),Comedy
711,Flipper (1996),Adventure|Children
712,Captives (1994),Crime|Drama|Romance|Thriller
713,Of Love and Shadows (1994),Drama
714,Dead Man (1995),Drama|Mystery|Western
715,"Horseman on the Roof, The (Hussard sur le toit, Le) (1995)",Drama|Romance
716,Switchblade Sisters (1975),Crime
717,Mouth to Mouth (Boca a boca) (1995),Comedy
718,"Visitors, The (Visiteurs, Les) (1993)",Comedy|Fantasy|Sci-Fi
719,Multiplicity (1996),Comedy
720,Wallace & Gromit: The Best of Aardman Animation (1996),Adventure|Animation|Comedy
721,Halfmoon (Paul Bowles - Halbmond) (1995),Drama
722,"Haunted World of Edward D. Wood Jr., The (1996)",Documentary
723,Two Friends (1986),Drama
724,"Craft, The (1996)",Drama|Fantasy|Horror|Thriller
725,"Great White Hype, The (1996)",Comedy
726,Last Dance (1996),Drama
727,War Stories (1995),Documentary
728,Cold Comfort Farm (1995),Comedy
729,"Institute Benjamenta, or This Dream People Call Human Life (1995)",Drama
730,Low Life (1994),Drama
731,Heaven's Prisoners (1996),Crime|Thriller
732,Original Gangstas (1996),Crime
733,"Rock, The (1996)",Action|Adventure|Thriller
734,Getting Away With Murder (1996),Comedy
735,Cemetery Man (Dellamorte Dellamore) (1994),Horror
736,Twister (1996),Action|Adventure|Romance|Thriller
737,Barb Wire (1996),Action|Sci-Fi
738,"Garçu, Le (1995)",Drama
739,Honey Moon (Honigmond) (1996),Comedy
741,Ghost in the Shell (Kôkaku kidôtai) (1995),Animation|Sci-Fi
742,Thinner (1996),Horror|Thriller
743,Spy Hard (1996),Comedy
744,Brothers in Trouble (1995),Drama
745,Wallace & Gromit: A Close Shave (1995),Animation|Children|Comedy
746,Force of Evil (1948),Film-Noir
747,"Stupids, The (1996)",Comedy
748,"Arrival, The (1996)",Action|Sci-Fi|Thriller
749,"Man from Down Under, The (1943)",Drama
750,Dr. Strangelove or: How I Learned to Stop Worrying and Love the Bomb (1964),Comedy|War
751,Careful (1992),Comedy|Horror
752,Vermont Is For Lovers (1992),Comedy|Documentary|Romance
753,"Month by the Lake, A (1995)",Comedy|Drama|Romance
754,Gold Diggers: The Secret of Bear Mountain (1995),Adventure|Children
755,Kim (1950),Children|Drama
756,Carmen Miranda: Bananas Is My Business (1994),Documentary
757,Ashes of Time (Dung che sai duk) (1994),Drama
758,"Jar, The (Khomreh) (1992)",Drama
759,Maya Lin: A Strong Clear Vision (1994),Documentary
760,Stalingrad (1993),Drama|War
761,"Phantom, The (1996)",Action|Adventure
762,Striptease (1996),Comedy|Crime
763,"Last of the High Kings, The (a.k.a. Summer Fling) (1996)",Comedy|Drama
764,Heavy (1995),Drama|Romance
765,Jack (1996),Comedy|Drama
766,I Shot Andy Warhol (1996),Drama
767,"Grass Harp, The (1995)",Comedy|Drama
768,Someone Else's America (1995),Drama
769,Marlene Dietrich: Shadow and Light (1996),Documentary
770,Costa Brava (1946),Drama
771,"Life Is Rosy (a.k.a. Life Is Beautiful) (Vie est belle, La) (1987)",Comedy|Drama
772,Quartier Mozart (1992),Comedy
773,Touki Bouki (1973),Drama
774,Wend Kuuni (a.k.a. God's Gift) (1982),Drama
775,Spirits of the Dead (1968),Horror|Mystery
776,Babyfever (1994),Comedy|Drama
777,Pharaoh's Army (1995),War
778,Trainspotting (1996),Comedy|Crime|Drama
779,'Til There Was You (1997),Drama|Romance
780,Independence Day (a.k.a. ID4) (1996),Action|Adventure|Sci-Fi|Thriller
781,Stealing Beauty (1996),Drama
782,"Fan, The (1996)",Drama|Thriller
783,"Hunchback of Notre Dame, The (1996)",Animation|Children|Drama|Musical|Romance
784,"Cable Guy, The (1996)",Comedy|Thriller
785,Kingpin (1996),Comedy
786,Eraser (1996),Action|Drama|Thriller
787,"Gate of Heavenly Peace, The (1995)",Documentary
788,"Nutty Professor, The (1996)",Comedy|Fantasy|Romance|Sci-Fi
789,"I, the Worst of All (Yo, la peor de todas) (1990)",Drama
790,"Unforgettable Summer, An (Un été inoubliable) (1994)",Drama
791,"Last Klezmer: Leopold Kozlowski, His Life and Music, The (1994)",Documentary
792,"Hungarian Fairy Tale, A (Hol volt, hol nem volt) (1987)",Fantasy
793,My Life and Times With Antonin Artaud (En compagnie d'Antonin Artaud) (1993),Drama
794,Midnight Dancers (Sibak) (1994),Comedy|Drama
795,Somebody to Love (1994),Drama
796,"Very Natural Thing, A (1974)",Drama
797,"Old Lady Who Walked in the Sea, The (Vieille qui marchait dans la mer, La) (1991)",Comedy
798,Daylight (1996),Action|Adventure|Drama|Thriller
799,"Frighteners, The (1996)",Comedy|Horror|Thriller
800,Lone Star (1996),Drama|Mystery|Western
801,Harriet the Spy (1996),Children|Comedy
802,Phenomenon (1996),Drama|Romance
803,Walking and Talking (1996),Comedy|Drama|Romance
804,She's the One (1996),Comedy|Romance
805,"Time to Kill, A (1996)",Drama|Thriller
806,American Buffalo (1996),Crime|Drama
807,"Rendezvous in Paris (Rendez-vous de Paris, Les) (1995)",Comedy|Romance
808,Alaska (1996),Adventure|Children
809,Fled (1996),Action|Adventure
810,Kazaam (1996),Children|Comedy|Fantasy
812,Magic Hunter (Büvös vadász) (1994),Drama
813,Larger Than Life (1996),Comedy
814,"Boy Called Hate, A (1995)",Drama
815,Power 98 (1996),Action|Mystery|Thriller
816,Two Deaths (1995),Drama
818,"Very Brady Sequel, A (1996)",Comedy
819,Stefano Quantestorie (1993),Comedy|Drama
820,"Death in the Garden (Mort en ce jardin, La) (1956)",Drama
821,"Crude Oasis, The (1995)",Drama|Romance
822,Hedd Wyn (1992),Drama|Romance|War
823,"Collector, The (La collectionneuse) (1967)",Drama
824,Kaspar Hauser (1993),Drama|Mystery
825,Regular Guys (Echte Kerle) (1996),Comedy|Romance
826,Women Robbers (Diebinnen) (1995),Drama
827,"Convent, The (O Convento) (1995)",Drama
828,"Adventures of Pinocchio, The (1996)",Adventure|Children
829,Joe's Apartment (1996),Comedy|Fantasy|Musical
830,"First Wives Club, The (1996)",Comedy
831,Stonewall (1995),Drama
832,Ransom (1996),Crime|Thriller
833,High School High (1996),Comedy
834,Phat Beach (1996),Comedy
835,Foxfire (1996),Drama
836,Chain Reaction (1996),Action|Adventure|Thriller
837,Matilda (1996),Children|Comedy|Fantasy
838,Emma (1996),Comedy|Drama|Romance
839,"Crow: City of Angels, The (1996)",Action|Thriller
840,House Arrest (1996),Children|Comedy
841,"Eyes Without a Face (Yeux sans visage, Les) (1959)",Horror
842,Tales from the Crypt Presents: Bordello of Blood (1996),Comedy|Horror
843,Lotto Land (1995),Drama
844,"Story of Xinghua, The (Xinghua san yue tian) (1994)",Drama
845,"Day the Sun Turned Cold, The (Tianguo niezi) (1994)",Drama
846,Flirt (1995),Drama
847,"Big Squeeze, The (1996)",Comedy|Drama
848,"Spitfire Grill, The (1996)",Drama
849,Escape from L.A. (1996),Action|Adventure|Sci-Fi|Thriller
850,Cyclo (Xich lo) (1995),Crime|Drama
851,Basquiat (1996),Drama
852,Tin Cup (1996),Comedy|Drama|Romance
853,Dingo (1991),Drama
854,"Ballad of Narayama, The (Narayama Bushiko) (1958)",Drama
855,Every Other Weekend (Un week-end sur deux) (1990),Drama
856,Mille bolle blu (1993),Comedy
857,Crows and Sparrows (Wuya yu maque) (1949),Drama
858,"Godfather, The (1972)",Crime|Drama
859,"Hippie Revolution, The (1996)",Documentary
860,"Maybe, Maybe Not (Bewegte Mann, Der) (1994)",Comedy
861,Supercop (Police Story 3: Supercop) (Jing cha gu shi III: Chao ji jing cha) (1992),Action|Comedy|Crime|Thriller
862,Manny & Lo (1996),Drama
864,"Wife, The (1995)",Comedy|Drama
865,Small Faces (1996),Drama
866,Bound (1996),Crime|Drama|Romance|Thriller
867,Carpool (1996),Comedy|Crime
868,Death in Brunswick (1991),Comedy
869,Kansas City (1996),Crime|Drama|Musical|Thriller
870,Gone Fishin' (1997),Comedy
871,Lover's Knot (1996),Comedy
872,Vive L'Amour (Ai qing wan sui) (1994),Drama
873,Shadow of Angels (Schatten der Engel) (1976),Drama
874,Killer: A Journal of Murder (1995),Crime|Drama
875,Nothing to Lose (1994),Action|Crime|Drama
876,Supercop 2 (Project S) (Chao ji ji hua) (1993),Action|Comedy|Crime|Thriller
877,Girls Town (1996),Comedy|Drama
878,Bye-Bye (1995),Drama
879,"Relic, The (1997)",Horror|Thriller
880,"Island of Dr. Moreau, The (1996)",Sci-Fi|Thriller
881,First Kid (1996),Children|Comedy
882,"Trigger Effect, The (1996)",Drama|Thriller
884,Sweet Nothing (1996),Drama
885,Bogus (1996),Children|Drama|Fantasy
886,Bulletproof (1996),Action|Comedy|Crime
887,Talk of Angels (1998),Drama
888,Land Before Time III: The Time of the Great Giving (1995),Adventure|Animation|Children|Musical
889,1-900 (06) (1994),Drama|Romance
890,Baton Rouge (Bâton rouge) (1988),Thriller
891,Halloween: The Curse of Michael Myers (Halloween 6: The Curse of Michael Myers) (1995),Horror|Thriller
892,Twelfth Night (1996),Comedy|Drama|Romance
893,Mother Night (1996),Drama
894,Liebelei (1933),Romance
895,Venice/Venice (1992),Drama
896,Wild Reeds (Les roseaux sauvages) (1994),Drama
897,For Whom the Bell Tolls (1943),Adventure|Drama|Romance|War
898,"Philadelphia Story, The (1940)",Comedy|Drama|Romance
899,Singin' in the Rain (1952),Comedy|Musical|Romance
900,"American in Paris, An (1951)",Musical|Romance
901,Funny Face (1957),Comedy|Musical
902,Breakfast at Tiffany's (1961),Drama|Romance
903,Vertigo (1958),Drama|Mystery|Romance|Thriller
904,Rear Window (1954),Mystery|Thriller
905,It Happened One Night (1934),Comedy|Romance
906,Gaslight (1944),Drama|Thriller
907,"Gay Divorcee, The (1934)",Comedy|Musical|Romance
908,North by Northwest (1959),Action|Adventure|Mystery|Romance|Thriller
909,"Apartment, The (1960)",Comedy|Drama|Romance
910,Some Like It Hot (1959),Comedy|Crime
911,Charade (1963),Comedy|Crime|Mystery|Romance|Thriller
912,Casablanca (1942),Drama|Romance
913,"Maltese Falcon, The (1941)",Film-Noir|Mystery
914,My Fair Lady (1964),Comedy|Drama|Musical|Romance
915,Sabrina (1954),Comedy|Romance
916,Roman Holiday (1953),Comedy|Drama|Romance
917,"Little Princess, The (1939)",Children|Drama
918,Meet Me in St. Louis (1944),Musical
919,"Wizard of Oz, The (1939)",Adventure|Children|Fantasy|Musical
920,Gone with the Wind (1939),Drama|Romance|War
921,My Favorite Year (1982),Comedy
922,Sunset Blvd. (a.k.a. Sunset Boulevard) (1950),Drama|Film-Noir|Romance
923,Citizen Kane (1941),Drama|Mystery
924,2001: A Space Odyssey (1968),Adventure|Drama|Sci-Fi
925,Golden Earrings (1947),Adventure|Romance|War
926,All About Eve (1950),Drama
927,"Women, The (1939)",Comedy
928,Rebecca (1940),Drama|Mystery|Romance|Thriller
929,Foreign Correspondent (1940),Drama|Film-Noir|Mystery|Thriller
930,Notorious (1946),Film-Noir|Romance|Thriller
931,Spellbound (1945),Mystery|Romance|Thriller
932,"Affair to Remember, An (1957)",Drama|Romance
933,To Catch a Thief (1955),Crime|Mystery|Romance|Thriller
934,Father of the Bride (1950),Comedy
935,"Band Wagon, The (1953)",Comedy|Musical
936,Ninotchka (1939),Comedy|Romance
937,Love in the Afternoon (1957),Comedy|Romance
938,Gigi (1958),Musical
939,"Reluctant Debutante, The (1958)",Comedy|Drama
940,"Adventures of Robin Hood, The (1938)",Action|Adventure|Romance
941,"Mark of Zorro, The (1940)",Adventure
942,Laura (1944),Crime|Film-Noir|Mystery
943,"Ghost and Mrs. Muir, The (1947)",Drama|Fantasy|Romance
944,Lost Horizon (1937),Drama
945,Top Hat (1935),Comedy|Musical|Romance
946,To Be or Not to Be (1942),Comedy|Drama|War
947,My Man Godfrey (1936),Comedy|Romance
948,Giant (1956),Drama|Romance|Western
949,East of Eden (1955),Drama
950,"Thin Man, The (1934)",Comedy|Crime
951,His Girl Friday (1940),Comedy|Romance
952,Around the World in 80 Days (1956),Adventure|Comedy
953,It's a Wonderful Life (1946),Drama|Fantasy|Romance
954,Mr. Smith Goes to Washington (1939),Drama
955,Bringing Up Baby (1938),Comedy|Romance
956,Penny Serenade (1941),Drama|Romance
957,"Scarlet Letter, The (1926)",Drama
958,Lady of Burlesque (1943),Comedy|Mystery
959,Of Human Bondage (1934),Drama
960,Angel on My Shoulder (1946),Crime|Drama
961,Little Lord Fauntleroy (1936),Drama
962,They Made Me a Criminal (I Became a Criminal) (They Made Me a Fugitive) (1939),Crime|Drama
963,"Inspector General, The (1949)",Musical
964,Angel and the Badman (1947),Romance|Western
965,"39 Steps, The (1935)",Drama|Mystery|Thriller
966,"Walk in the Sun, A (1945)",War
967,"Outlaw, The (1943)",Western
968,Night of the Living Dead (1968),Horror|Sci-Fi|Thriller
969,"African Queen, The (1951)",Adventure|Comedy|Romance|War
970,Beat the Devil (1953),Adventure|Comedy|Crime|Drama|Romance
971,Cat on a Hot Tin Roof (1958),Drama
972,"Last Time I Saw Paris, The (1954)",Drama
973,Meet John Doe (1941),Comedy|Drama
974,Algiers (1938),Drama|Romance
975,Something to Sing About (1937),Comedy|Musical
976,"Farewell to Arms, A (1932)",Romance|War
977,Moonlight Murder (1936),Mystery
979,Nothing Personal (1995),Drama|War
980,"Yes, Madam (a.k.a. Police Assassins) (a.k.a. In the Line of Duty 2) (Huang gu shi jie) (1985)",Action
981,Dangerous Ground (1997),Drama
982,Picnic (1955),Drama
983,Madagascar Skin (1995),Romance
984,"Pompatus of Love, The (1996)",Comedy|Drama
985,Small Wonders (1995),Documentary
986,Fly Away Home (1996),Adventure|Children
987,Bliss (1997),Drama|Romance
988,Grace of My Heart (1996),Comedy|Drama
989,Brother of Sleep (Schlafes Bruder) (1995),Drama
990,Maximum Risk (1996),Action|Adventure|Thriller
991,Michael Collins (1996),Drama
992,"Rich Man's Wife, The (1996)",Thriller
993,Infinity (1996),Drama
994,Big Night (1996),Comedy|Drama
996,Last Man Standing (1996),Action|Crime|Drama|Thriller
997,Caught (1996),Drama|Thriller
998,Set It Off (1996),Action|Crime
999,2 Days in the Valley (1996),Crime|Film-Noir
1000,Curdled (1996),Crime